{
  "0": {
    "parents": [
      1,
      4
    ],
    "prob": [
      [
        [
          0,
          0
        ],
        0.9787470622822905
      ],
      [
        [
          0,
          1
        ],
        0.007562899781239066
      ],
      [
        [
          1,
          0
        ],
        0.797085262161156
      ],
      [
        [
          1,
          1
        ],
        0.6196638300152968
      ]
    ]
  },
  "1": {
    "parents": [
      2,
      3,
      4
    ],
    "prob": [
      [
        [
          0,
          0,
          0
        ],
        0.13389361362292967
      ],
      [
        [
          0,
          0,
          1
        ],
        0.21457917552537606
      ],
      [
        [
          0,
          1,
          0
        ],
        0.7179345171893622
      ],
      [
        [
          0,
          1,
          1
        ],
        0.34929194518537754
      ],
      [
        [
          1,
          0,
          0
        ],
        0.6829023433120129
      ],
      [
        [
          1,
          0,
          1
        ],
        0.25934433635885024
      ],
      [
        [
          1,
          1,
          0
        ],
        0.18246448881223096
      ],
      [
        [
          1,
          1,
          1
        ],
        0.45213200389959235
      ]
    ]
  },
  "2": {
    "parents": [],
    "prob": [
      [
        [],
        0.6165333841092684
      ]
    ]
  },
  "3": {
    "parents": [],
    "prob": [
      [
        [],
        0.7761396993340876
      ]
    ]
  },
  "4": {
    "parents": [],
    "prob": [
      [
        [],
        0.601273549268822
      ]
    ]
  }
}